{"is_source_file": true, "format": "Python", "description": "This file sets up a basic FastAPI web application with CORS middleware and a simple health check endpoint.", "external_files": ["fastapi", "fastapi.middleware.cors"], "external_methods": ["FastAPI()", "CORSMiddleware"], "published": [], "classes": [], "methods": [{"name": "health_check()", "description": "A GET endpoint at root (/) that returns a simple health status message.", "scope": "", "scopeKind": ""}], "calls": ["app.add_middleware", "CORSMiddleware"], "search-terms": ["FastAPI", "CORSMiddleware", "health_check", "CORS", "web application", "Python API"], "state": 2, "file_id": 4, "knowledge_revision": 9, "git_revision": "81020b09ce41cd7a26ef22e0fdcb7458b18cfef4", "ctags": [{"_type": "tag", "name": "app", "path": "/home/kavia/workspace/code-generation/unified-business-modernization-initiative-315206-315215/modernization_backend/src/api/main.py", "pattern": "/^app = FastAPI()$/", "language": "Python", "kind": "variable"}, {"_type": "tag", "name": "health_check", "path": "/home/kavia/workspace/code-generation/unified-business-modernization-initiative-315206-315215/modernization_backend/src/api/main.py", "pattern": "/^def health_check():$/", "language": "Python", "kind": "function", "signature": "()"}], "hash": "58352bf5f133908bab16643199aa483d", "format-version": 4, "code-base-name": "modernization_backend", "filename": "modernization_backend/src/api/main.py", "fields": [{"name": "app = FastAPI()", "scope": "", "scopeKind": "", "description": "unavailable"}], "revision_history": [{"9": "81020b09ce41cd7a26ef22e0fdcb7458b18cfef4"}]}