{"is_source_file": true, "format": "Python", "description": "This file generates and writes the OpenAPI schema to a file named 'openapi.json' within the 'interfaces' directory. It imports the 'app' instance from the main API module, retrieves the OpenAPI schema via 'app.openapi()', and saves it to disk.", "external_files": ["src/api/main.py"], "external_methods": ["app.openapi()"], "published": [], "classes": [], "methods": [], "calls": ["app.openapi()", "os.makedirs()", "os.path.join()", "json.dump()"], "search-terms": ["generate_openapi", "openapi_schema", "write openapi"], "state": 2, "file_id": 3, "knowledge_revision": 8, "git_revision": "81020b09ce41cd7a26ef22e0fdcb7458b18cfef4", "ctags": [{"_type": "tag", "name": "openapi_schema", "path": "/home/kavia/workspace/code-generation/unified-business-modernization-initiative-315206-315215/modernization_backend/src/api/generate_openapi.py", "pattern": "/^openapi_schema = app.openapi()$/", "language": "Python", "kind": "variable"}, {"_type": "tag", "name": "output_dir", "path": "/home/kavia/workspace/code-generation/unified-business-modernization-initiative-315206-315215/modernization_backend/src/api/generate_openapi.py", "pattern": "/^output_dir = \"interfaces\"$/", "language": "Python", "kind": "variable"}, {"_type": "tag", "name": "output_path", "path": "/home/kavia/workspace/code-generation/unified-business-modernization-initiative-315206-315215/modernization_backend/src/api/generate_openapi.py", "pattern": "/^output_path = os.path.join(output_dir, \"openapi.json\")$/", "language": "Python", "kind": "variable"}], "hash": "61e3715e79bc397fab3e70f503a41417", "format-version": 4, "code-base-name": "modernization_backend", "filename": "modernization_backend/src/api/generate_openapi.py", "fields": [{"name": "openapi_schema = app.openapi()", "scope": "", "scopeKind": "", "description": "unavailable"}, {"name": "output_dir = \"interfaces\"", "scope": "", "scopeKind": "", "description": "unavailable"}, {"name": "output_path = os.path.join(output_dir, \"openapi.json\")", "scope": "", "scopeKind": "", "description": "unavailable"}], "revision_history": [{"8": "81020b09ce41cd7a26ef22e0fdcb7458b18cfef4"}]}