{"is_source_file": true, "file_id": 2, "git_revision": "81020b09ce41cd7a26ef22e0fdcb7458b18cfef4", "state": 2, "description": "", "external_files": [], "external_methods": [], "published": [], "classes": [], "methods": [], "calls": [], "search-terms": [], "ctags": [], "hash": null, "format-version": 4, "code-base-name": "modernization_backend", "filename": "modernization_backend/src/api/__init__.py", "knowledge_revision": 7, "revision_history": [{"7": "81020b09ce41cd7a26ef22e0fdcb7458b18cfef4"}]}