{"is_source_file": false, "format": "", "description": "", "external_files": [], "external_methods": [], "published": [], "classes": [], "methods": [], "calls": [], "search-terms": ["README.md", "unified-business-modernization-initiative"], "state": 2, "file_id": 1, "knowledge_revision": 6, "git_revision": "a6e23f4626f42cbb2636ce6e6c56823ea920d31d", "hash": "add9fd480eda3dd765faea6b9dea5ed3", "format-version": 4, "code-base-name": "modernization_backend", "filename": "README.md", "revision_history": [{"6": "a6e23f4626f42cbb2636ce6e6c56823ea920d31d"}]}